id,category,question,ground_truth,llm_only_answer,rag_answer,verifier_verdict
1,common,What is the purpose of the DPDP Act?,To provide for the processing of digital personal data in a manner that recognises both the right of individuals to protect their personal data and the need to process such personal data for lawful purposes and for matters connected therewith or incidental thereto.,"The **DPDP Act** (Data Protection and Data Privacy Act) was enacted to create a comprehensive legal framework for the protection of personal data in India. Its main purposes are:

| Objective | What it means in practice |
|-----------|---------------------------|
| **Protect individuals’ privacy** | Gives natural persons (the “data principals”) enforceable rights over their personal data, such as the right to access, correct, erase, and port their data. |
| **Regulate data processing** | Sets clear duties for “data fiduciaries” (entities that collect, store, or process personal data), including requirements for lawful, fair, and transparent processing, purpose‑limitation, data‑minimisation, and security safeguards. |
| **Promote accountability and governance** | Requires fiduciaries to maintain records, conduct data‑protection impact assessments for high‑risk processing, and appoint a Data Protection Officer where appropriate. |
| **Establish oversight** | Creates a **Data Protection Board of India** with powers to issue directions, impose penalties, and adjudicate disputes. |
| **Encourage data localisation & cross‑border flow controls** | Allows the government to prescribe where certain categories of data must be stored in India and sets conditions for transferring data abroad. |
| **Facilitate a trustworthy digital economy** | By ensuring that personal data is handled responsibly, the Act aims to boost consumer confidence, foster innovation, and align India’s data‑privacy regime with global standards (e.g., GDPR). |

In short, the DPDP Act seeks to balance the legitimate interests of businesses and the government with the fundamental right of individuals to privacy, by establishing rights, duties, and an enforcement mechanism for the handling of personal data.",Not found in the provided context.,"**Properly answers the question?** No – the reply “Not found in the provided context..” does not give the purpose of the DPDP Act.  

**Does it hallucinate?** No – it does not fabricate information; it simply states that the answer isn’t present in the excerpt.  

**Does it answer directly from the source?** No – it does not quote or paraphrase any part of the supplied text."
2,common,What is a Data Fiduciary and what is a Data Principal?,"Data Fiduciary means any person who alone or in conjunction with other persons determines the purpose and means of processing of personal data. Data Principal means the individual to whom the personal data relates; if a child, includes the parents or lawful guardian; if a person with disability, includes her lawful guardian acting on her behalf.","**Data Fiduciary**  
A *data fiduciary* is an entity (person, organization, or algorithmic system) that collects, stores, processes, or otherwise handles personal data on behalf of another party and is legally or ethically bound to act in the best interests of that data‑owner. The fiduciary relationship imposes duties that go beyond ordinary contractual obligations, mirroring the classic fiduciary duties of loyalty, care, and good faith found in trust law.

| Core Duties of a Data Fiduciary | What It Means in Practice |
|--------------------------------|----------------------------|
| **Duty of Loyalty**            | Must not use the data for purposes that conflict with the data subject’s interests (e.g., selling data to a competitor without consent). |
| **Duty of Care**               | Must implement robust technical and organizational safeguards (encryption, access controls, regular audits) to protect data from loss, theft, or unauthorized alteration. |
| **Duty of Good Faith & Transparency** | Must be honest about data practices, provide clear notice, and obtain informed consent where required. |
| **Duty of Accountability**    | Must be able to demonstrate compliance (records of processing activities, impact assessments, breach notifications). |
| **Duty of Purpose Limitation**| Must process data only for the specific, disclosed purposes for which consent was given. |

*Legal context*: The concept is codified (or emerging) in several jurisdictions:

- **India** – The *Personal Data Protection Bill, 2022* (PDPB) explicitly defines a “data fiduciary” and imposes fiduciary duties on entities that process personal data.
- **United States** – While not a statutory term, courts and regulators sometimes treat certain data controllers (e.g., health‑care providers under HIPAA, financial institutions under GLBA) as fiduciaries.
- **European Union** – The GDPR does not use the term “fiduciary,” but the *principles of data protection* (purpose limitation, data minimisation, accountability) create a de‑facto fiduciary‑like duty for data controllers and processors.

---

**Data Principal**  
A *data principal* (also called a *data subject* or *data owner*) is the natural person to whom the personal data relates. The principal is the source of the data and the party whose rights the fiduciary must protect.

Key attributes of a data principal:

| Attribute | Explanation |
|-----------|-------------|
| **Individual Rights** | Under most data‑protection regimes, principals enjoy rights such as access, rectification, erasure (right to be forgotten), data portability, objection to processing, and restriction of processing. |
| **Control Over Consent** | The principal decides whether to give, withhold, or withdraw consent for specific data uses. |
| **Expectation of Trust** | Because a fiduciary relationship is predicated on trust, the principal expects that the fiduciary will act loyally and protect the data from misuse. |
| **Legal Standing** | The principal can bring enforcement actions (e.g., complaints to a data‑protection authority, civil lawsuits) if the fiduciary breaches its duties. |

---

### How the Two Roles Interact

1. **Establishing the Relationship**  
   - The principal provides personal data to the fiduciary (e.g., signing up for a cloud service, submitting a medical record).  
   - The fiduciary acknowledges the fiduciary duty—often through a privacy policy, terms of service, or a formal contract.

2. **Ongoing Obligations**  
   - **Fiduciary**: Continuously safeguards the data, limits use to the agreed purpose, and remains transparent about any changes.  
   - **Principal**: Monitors the fiduciary’s compliance (e.g., reviewing privacy notices, exercising rights) and can raise concerns or withdraw consent.

3. **Breach Scenarios**  
   - If the fiduciary leaks data, uses it for undisclosed advertising, or fails to delete it after a legitimate request, the fiduciary may be liable for breach of fiduciary duty, and the principal may seek remedies (compensation, injunctions, regulatory penalties).

---

### Real‑World Examples

| Example | Data Fiduciary | Data Principal | Fiduciary Duties in Action |
|---------|----------------|----------------|----------------------------|
| **Health‑care provider** | Hospital / EMR system | Patient | Must keep medical records confidential, use them only for treatment, and obtain explicit consent for research sharing. |
| **Financial app** | FinTech company | Consumer | Must protect banking credentials, use data only for transaction processing, and disclose any third‑party sharing. |
| **Social media platform** | Platform (e.g., Facebook) | User | Must safeguard profile information, limit targeted‑advertising to consented categories, and provide easy data‑download and deletion tools. |
| **Enterprise SaaS** | Cloud‑service vendor | Business (as data principal for its employees) | Must implement encryption, allow the business to audit data handling, and honor data‑subject requests from the business’s employees. |

---

### Why the Distinction Matters

- **Regulatory Compliance**: Many data‑protection laws impose *fiduciary‑style* duties on controllers. Understanding the roles helps organizations design compliant processes.
- **Risk Management**: Recognizing fiduciary obligations clarifies where liability lies in case of a breach.
- **Trust Building**: Explicitly framing the relationship as fiduciary can be a competitive advantage—users are more likely to engage with services they perceive as trustworthy.

---

### Quick Reference Checklist

| For Data Fiduciaries | For Data Principals |
|----------------------|---------------------|
| • Draft clear, plain‑language privacy notices. <br>• Conduct Data Protection Impact Assessments (DPIAs). <br>• Implement strong security controls (encryption, least‑privilege access). <br>• Provide mechanisms for consent management, data access, correction, deletion, and portability. <br>• Keep audit logs and be ready to demonstrate compliance. | • Review privacy policies before sharing data. <br>• Exercise your rights (access, delete, object) when needed. <br>• Keep records of consents you’ve given. <br>• Report suspicious or unauthorized data use to the fiduciary or regulator. <br>• Stay informed about your jurisdiction’s data‑protection laws. |

---

**Bottom line:**  
- A **data fiduciary** is the trusted steward of personal data, bound by heightened duties of loyalty, care, and accountability.  
- A **data principal** is the individual whose personal data is being stewarded, holding rights and expectations that the fiduciary must respect.  

Understanding both roles is essential for building lawful, ethical, and trustworthy data ecosystems.",Not found in the provided context.,"**Answer:** **No** – the response does not properly answer the question “What is a Data Fiduciary and what is a Data Principal?”

**Reasoning**

| Aspect | Evaluation |
|--------|------------|
| **Correctness / Completeness** | The answer simply says “Not found in the provided context…”, which gives no definition or explanation of either term. Therefore it fails to address the question. |
| **Hallucination** | The answer does **not** hallucinate (i.e., it does not fabricate information that isn’t in the source). It merely states that the information is not present. |
| **Use of Source** | The answer does **not** quote or paraphrase any part of the supplied source text. It does not provide a direct or indirect extraction from the source. |

**Conclusion:** The answer is **inadequate** (No), it does not hallucinate, but it also does not draw from the source material."
3,specialized,When is a person disqualified from being appointed or continuing as Chairperson or Member of the Data Protection Board?,If she has been adjudged insolvent; convicted of an offence involving moral turpitude; become physically or mentally incapable; acquired financial or other interest likely to prejudicially affect her functions; or so abused her position as to render her continuance prejudicial to public interest.,"**Disqualification – when a person may not be appointed to, or may be removed from, the post of Chairperson or Member of the Data‑Protection Board**

The Data‑Protection Act (the law that creates the Board) sets out a specific, non‑exhaustive list of circumstances that make a person **ineligible** to serve on the Board.  A person is disqualified **if any one of the following applies**:

| # | Ground for Disqualification | What it means in practice |
|---|-----------------------------|---------------------------|
| 1 | **Conflict of interest with a data‑controller or data‑processor** | The person (or a spouse/partner, or a person in whom the applicant has a direct or indirect pecuniary interest) is an employee, officer, director, shareholder (≥ 5 % shareholding) or otherwise has a material interest in any entity that processes personal data. |
| 2 | **Public‑office conflict** | The person is a public officer, employee, or agent of a government agency, local authority, or any public body that is a data‑controller or data‑processor. |
| 3 | **Criminal conviction involving dishonesty, fraud or moral turpitude** | The person has been convicted of an offence that reflects on integrity (e.g., fraud, embezzlement, bribery, perjury, theft, corruption, or any crime involving moral turpitude). The conviction must be final and not subject to appeal. |
| 4 | **Undischarged bankruptcy or insolvent status** | The person is an undischarged bankrupt, is under a debt‑relief order, or is otherwise declared insolvent. |
| 5 | **Holding an office of profit under the Government** | The person holds any salaried or remunerated position in the public service (including the civil service, armed forces, judiciary, or any statutory body) that could compromise independence. |
| 6 | **Membership of a political party or active political activity** | The person is a registered member of a political party, or is actively engaged in partisan politics (e.g., campaigning, holding party office, or being a candidate for election). |
| 7 | **Previous removal for misconduct or breach of duty** | The person has previously been removed, dismissed, or resigned from a Board or similar statutory body because of proven misconduct, breach of fiduciary duty, or serious conflict of interest. |
| 8 | **Incapacity or unsuitability** | The person is medically or otherwise incapable of performing the duties of the office, or the appointing authority determines that the person lacks the requisite integrity, competence, or independence. (This is a catch‑all provision used sparingly.) |

### How the rule works in practice

1. **Screening before appointment** – The appointing authority (the President/Minister, depending on the jurisdiction) must verify that none of the above grounds apply before issuing a letter of appointment.  
2. **Continuing service** – If, after appointment, any of the disqualifying circumstances arise (e.g., the member becomes a shareholder in a data‑processing company, is convicted of a crime, or joins a political party), the Board must be notified and the member must **step down immediately**.  
3. **Effect of breach** – Failure to disclose a disqualifying fact is itself a ground for removal and may attract penalties under the Act (e.g., fines, criminal liability for contempt of the Board).  

### Quick checklist for prospective members

- **Do you own, control, or have a significant share in any data‑controller/processor?** → No.
- **Are you a civil servant or public‑sector employee of a data‑controller?** → No.
- **Any criminal record for fraud, corruption, or similar offences?** → No.
- **Bankrupt or under a debt‑relief order?** → No.
- **Holding a paid government post?** → No.
- **Member of a political party or active in politics?** → No.
- **Previously removed from a similar board for misconduct?** → No.
- **Fit and able to discharge duties?** → Yes.

If the answer to any of the above is **yes**, the person is **disqualified** from being appointed to, or continuing as, Chairperson or Member of the Data‑Protection Board.","A person is disqualified from being appointed to, or continuing as, Chairperson or Member of the Data Protection Board if any of the following conditions apply:

1. **Insolvency** – the person has been adjudged an insolvent.  
2. **Conviction involving moral turpitude** – the person has been convicted of an offence that, in the opinion of the Central Government, involves moral turpitude.  
3. **Physical or mental incapacity** – the person has become physically or mentally incapable of acting as a Member.  

These three grounds apply both to the initial appointment and to continued service on the Board.","**Yes** – the answer correctly and completely addresses the question.  
- It lists the three disqualification grounds (insolvency, conviction involving moral turpitude, and physical/mental incapacity) exactly as set out in the source.  
- The response does not introduce any information not found in the source, so it is not a hallucination; it is essentially a direct (paraphrased) extraction from the cited provision."
4,obscure,What is the penalty for breach of any term of a voluntary undertaking accepted by the Board under Section 32?,Up to the extent applicable for the breach in respect of which the proceedings under Section 28 were instituted.,"**Short answer**

If a party breaches a voluntary undertaking that the Board has accepted under **Section 32**, the Board (through the Commissioner) may apply to a court for a **civil‑penalty order**. The court can impose a **fine of up to $5 million** for an individual or **up to $10 million** where the undertaking was entered into by a corporation (or any other entity that is treated as a corporation for penalty‑purpose).  

---

### How the penalty works – step‑by‑step

| Step | What happens | Legal basis |
|------|--------------|-------------|
| 1. **Voluntary undertaking accepted** | The Board (the Competition Bureau/Commissioner) accepts a written undertaking that a party offers to remedy a competition‑law breach or to prevent a future breach. | Section 32(1) – “voluntary undertaking” |
| 2. **Breach occurs** | The party fails to comply with any term of that undertaking (e.g., does not divest assets, continues the prohibited conduct, or does not file required reports). | Section 32(2) – breach of undertaking |
| 3. **Board seeks enforcement** | The Commissioner may **apply to a court** for an order that the breaching party be fined. The application is a civil proceeding; no criminal charge is laid. | Section 32(2)(a) |
| 4. **Court imposes a fine** | The court may order a **civil penalty**: <br>• **Up to $5 million** for a natural person (individual). <br>• **Up to $10 million** for a corporation or other legal entity. | Section 32(2)(b) – maximum penalty amounts |
| 5. **Enforcement** | The fine is enforceable like any other civil judgment (e.g., garnishment, seizure of assets). Failure to pay can lead to additional enforcement actions. | General civil‑penalty enforcement provisions |

---

### Why the penalty is a **civil** one (not criminal)

* **Voluntary undertakings** are a regulatory tool that allows the Board to resolve competition concerns without resorting to formal prosecution.  
* The penalty for breach is therefore **civil** in nature: it is a monetary sanction designed to compel compliance, not a criminal conviction that would bring a criminal record.  
* The Board retains the option to pursue **criminal prosecution** for the underlying anti‑competitive conduct *separately* if it deems that appropriate, but the breach of the undertaking itself triggers only the civil‑penalty regime.

---

### Practical implications for the parties

| Implication | What it means for you |
|-------------|-----------------------|
| **Financial exposure** | Even if the original conduct carried a lower potential fine, breaching the undertaking can expose you to the *maximum* civil‑penalty ceiling (up to $10 M for corporations). |
| **Speed of enforcement** | Civil‑penalty proceedings are generally faster than criminal prosecutions, so the Board can obtain a fine quickly after a breach. |
| **No criminal record** | Because the sanction is civil, a breach does **not** create a criminal conviction, which can be important for reputation and future business dealings. |
| **Potential for additional orders** | The court may also order **injunctive relief** (e.g., an order to cease the offending conduct) or **specific performance** of the undertaking’s terms, in addition to the fine. |
| **Possibility of appeal** | The party fined can appeal the civil‑penalty order to a higher court, but the appeal process can be costly and time‑consuming. |

---

### Quick reference checklist

| ✅ | Checklist item |
|---|----------------|
| **1** | Verify that the undertaking was **formally accepted** by the Board (signed, dated, and filed). |
| **2** | Keep a **record of compliance** with every term (reports, divestitures, behavioural changes). |
| **3** | Monitor for any **unintended breaches** (e.g., a subsidiary acting contrary to the undertaking). |
| **4** | If a breach is discovered, **notify the Board promptly** and consider remedial steps to mitigate the penalty. |
| **5** | Seek **legal counsel** immediately to assess the risk of a civil‑penalty order and to prepare a defence or settlement. |

---

### Bottom line

- **Breach of a Section 32 voluntary undertaking = civil‑penalty action.**  
- **Maximum fine:** up to **$5 million** for individuals, up to **$10 million** for corporations.  
- The Board can obtain the fine through a court application; the sanction is monetary, not criminal, but the court may also impose additional compliance orders.  

If you are party to a voluntary undertaking, the safest course is to **strictly adhere to every term** and maintain thorough documentation of compliance. If you suspect a breach may have occurred, act quickly to mitigate the Board’s response and to limit exposure to the maximum civil‑penalty amount.",Not found in the provided context.,"**Proper answer?** No – the reply “Not found in the provided context” does not answer the question about the penalty for breaching a voluntary undertaking.

**Hallucination?** Yes – the answer incorrectly claims the information is absent, even though the source text does contain the relevant provision (the breach is treated as a breach of the Act and the Board may act under Section 33, which sets out the penalties).

**Directly from source?** No – the answer does not quote or paraphrase the source; it merely states that the information is not present."
5,obscure,What is the penalty for breach in observance of additional obligations in relation to children under Section 9?,May extend to two hundred crore rupees.,"**Penalty for breaching the “additional obligations in relation to children” under **Section 9**  

| Jurisdiction / Statute (example) | What the law says | Typical maximum penalty |
|-----------------------------------|-------------------|------------------------|
| **United Kingdom – Children Act 1989 (Section 9)** | A person who fails to comply with a court‑ordered additional obligation (e.g., a parenting‑plan requirement, a contact‑order, or a duty to provide information) is committing a contempt of court. | • **Fine** – up to the statutory maximum (currently **Level 5 on the standard scale**, i.e., £5,000). <br>• **Imprisonment** – up to **6 months** (or a longer term if the breach is deemed serious). <br>• **Both** – the court may impose a fine **and** a custodial sentence. |
| **Australia – Family Law Act 1975 (Section 9 – “Additional Parenting Orders”)** | Breach of a parenting order is an offence under the **Family Law (Child Custody) Act 1975**. | • **Fine** – up to **AUD 10,000** for an individual (higher for corporations). <br>• **Imprisonment** – up to **12 months** for a repeat or aggravated breach. |
| **Canada – Divorce Act (Section 9 – “Additional Parenting Obligations”)** | Non‑compliance with a court‑issued parenting order can be treated as **contempt of court** under the **Criminal Code**. | • **Fine** – up to **C$5,000**. <br>• **Imprisonment** – up to **6 months** (or longer if the breach is willful and persistent). |
| **South Africa – Children’s Act 2005 (Section 9 – “Parental Responsibilities and Rights”)** | Failure to fulfil a court‑ordered additional duty (e.g., providing medical care, education, or financial support) is an offence. | • **Fine** – up to **R 10 000**. <br>• **Imprisonment** – up to **12 months**. <br>• **Both** – the court may impose a fine **and** a custodial sentence. |

### How the penalty is applied
1. **First‑time breach** – Courts often start with a warning or a modest fine, especially if the breach was inadvertent.
2. **Repeated or willful breach** – The court may increase the fine, order **community service**, or impose a **custodial sentence**.
3. **Aggravating factors** – If the breach endangers the child’s welfare (e.g., refusing medical treatment, exposing the child to abuse), the maximum penalty is more likely to be imposed.

### What you should do if you’re facing a Section 9 breach allegation
1. **Seek legal advice immediately** – A family‑law solicitor can negotiate with the other party and the court to mitigate penalties.
2. **Comply promptly** – Demonstrating a genuine effort to meet the obligation often reduces the court’s willingness to impose a harsh sanction.
3. **Document compliance** – Keep records (receipts, medical reports, school correspondence) that prove you have met the additional obligations.
4. **Consider mediation** – Many jurisdictions require parties to attempt mediation before a contempt proceeding proceeds.

---

**Bottom line:**  
Under most common law jurisdictions, a breach of the “additional obligations in relation to children” set out in **Section 9** is treated as contempt of court or a specific statutory offence. The typical maximum penalty ranges from a **fine of a few thousand dollars/pounds/rands** to **up to 12 months’ imprisonment**, and the court may impose **both** a fine **and** a custodial sentence, especially for repeated or willful non‑compliance. Always check the exact wording of the statute that applies in your jurisdiction, as the precise figures and procedural steps can vary.",Hundred crore rupees.,"**Yes** – the answer “Hundred crore rupees” correctly states the penalty for a breach in observance of additional obligations in relation to children under Section 9.  

It is **not a hallucination**; the figure is taken verbatim from the provided source text."
6,obscure,When were copies of the Official Gazette containing the DPDP Rules notification made available to the public?,3 January 2025.,"The notification of the **Data Protection and Data Privacy (DPDP) Rules** was printed in the **Official Gazette dated 28 August 2023**.  

The Gazette’s PDF files were uploaded to the Government of India’s e‑Gazette portal and became publicly accessible **on 30 August 2023** (the first business day after the Gazette’s issue date).  

So, while the Gazette itself bears the 28 August 2023 date, members of the public could actually view and download the copies on 30 August 2023.",3rd January 2025.,**Yes** – the answer “3rd January 2025” correctly answers the question. It is taken verbatim from the source (“copies of the said Official Gazette were made available to the public on the 3rd January 2025”) and does not involve any hallucination.
7,specialized,"What standards apply to processing personal data for provision or issue of a subsidy, benefit, service, certificate, licence or permit by the State?","Processing shall be done following the standards specified in the Second Schedule. The rule also defines what 'under law', 'under policy', and 'using public funds' mean in this context.","Below is a concise, practical guide to the **data‑protection standards that apply when a public authority (the State) processes personal data in order to provide or issue a subsidy, benefit, service, certificate, licence or permit**.  

The answer is organized in three layers:

| Layer | What it covers | Key references (EU‑centric, but the same logic applies in most jurisdictions) |
|-------|----------------|-----------------------------------------------------------------------------|
| **1️⃣ Legal framework** | The mandatory “hard law” that defines the **lawful basis, rights, obligations and sanctions**. | • **GDPR (Regulation (EU) 2016/679)** – Articles 5‑9, 13‑22, 44‑50. <br>• **National implementing law** (e.g., UK Data Protection Act 2018, Germany BDSG‑new, France Loi Informatique et Libertés, etc.). <br>• **Sector‑specific statutes** (social‑security law, tax law, health‑care law, etc.) that may prescribe additional safeguards or limit the scope of data processing. |
| **2️⃣ Technical & organisational standards** | The “how‑to” – security, governance, risk‑management, documentation, and accountability. | • **ISO/IEC 27001** – Information Security Management System (ISMS). <br>• **ISO/IEC 27701** – Privacy Information Management System (PIMS) – an extension of 27001 that maps directly to GDPR principles. <br>• **NIST SP 800‑53 / 800‑171** (or the EU‑equivalent **ENISA Guidelines**). <br>• **eIDAS Regulation** (for electronic identification & trust services when the service is delivered digitally). |
| **3️⃣ Good‑practice & sector‑specific guidance** | Recommendations, templates, and check‑lists that help you meet the legal and technical requirements in a pragmatic way. | • **European Data Protection Board (EDPB) Guidelines** on processing for the performance of a task carried out in the public interest (2020‑03). <br>• **EU‑ISA (European Interoperability Framework) – Public Services** – security & data‑exchange standards. <br>• **National Data‑Protection Authority (DPA) recommendations** (e.g., ICO’s “Guide to the GDPR for public authorities”, CNIL’s “Guide on the processing of personal data for public services”). <br>• **Sector‑specific codes** – e.g., **EU‑CEN/TC 251** for social‑security data, **ISO 20022** for financial‑benefit transactions, **HL7/FHIR** for health‑related licences. |

Below you’ll find a **step‑by‑step checklist** that translates those layers into concrete actions for a public‑sector body that is about to issue a subsidy, benefit, service, certificate, licence or permit.

---

## 1️⃣ LEGAL FRAMEWORK – WHAT MAKES THE PROCESSING LEGAL?

| GDPR Principle | What it means for a subsidy/benefit service | How to demonstrate compliance |
|----------------|----------------------------------------------|--------------------------------|
| **Lawful basis** (Art. 6) | **Public task** – processing is necessary for the performance of a task carried out in the public interest or in the exercise of official authority. | • Record the statutory provision that creates the task (e.g., “Law X on Social Assistance”). <br>• Include a *lawful‑basis clause* in the privacy notice. |
| **Special categories** (Art. 9) | Many benefit programmes involve health data, racial/ethnic origin, or political opinions. | • Identify the specific Article 9 condition that applies (e.g., “explicit consent” or “substantial public interest”). <br>• Conduct a **Data Protection Impact Assessment (DPIA)** (Art. 35) before processing. |
| **Purpose limitation** (Art. 5(1)(b)) | Data must be collected only for the specific subsidy/benefit purpose and not reused for unrelated purposes. | • Define a **purpose register** for each programme. <br>• Use *purpose‑specific data fields* (e.g., “income verification for housing benefit”). |
| **Data minimisation** (Art. 5(1)(c)) | Only the data strictly needed to assess eligibility, deliver the benefit, and comply with audit requirements may be collected. | • Apply a **data‑field matrix** that maps each legal requirement to a data element. <br>• Review annually and delete any fields that are no longer needed. |
| **Accuracy** (Art. 5(1)(d)) | Beneficiaries must be able to correct errors that could affect entitlement. | • Provide a **self‑service portal** for updates. <br>• Keep a log of corrections (audit trail). |
| **Storage limitation** (Art. 5(1)(e)) | Retention periods are usually set by the underlying statute (e.g., 5 years after the benefit ends). | • Implement **automated retention schedules** in the records‑management system. |
| **Integrity & confidentiality** (Art. 5(1)(f)) | Must protect data against unauthorised access, loss, or alteration. | • Adopt ISO 27001/27701 controls (encryption, access‑control, logging). |
| **Accountability** (Art. 5(2)) | The authority must be able to prove compliance. | • Maintain a **record of processing activities (ROPA)** (Art. 30). <br>• Keep DPIA, data‑sharing agreements, and security certifications. |

### Additional statutory bases that often appear

| Situation | Typical legal basis (national) | Example clause |
|-----------|-------------------------------|----------------|
| **Eligibility verification** (e.g., income, assets) | **Legal obligation** (Art. 6(1)(c)) – the authority must verify the data to fulfil the statutory duty. | “Processing is necessary for compliance with Art. 12 (1) of the Social Assistance Act.” |
| **Fraud detection & recovery** | **Legitimate interests** (Art. 6(1)(f)) – only if a clear, proportionate public interest exists and the data subject’s rights are not overridden. | “Processing is necessary for the prevention of fraud in the allocation of public funds.” |
| **Statistical analysis for policy** | **Public task** (Art. 6(1)(e)) – provided the data are **pseudonymised** and the analysis is not used for individual decisions. | “Processing is necessary for the performance of a task carried out in the public interest (Article 5 (1)(e) GDPR).” |

---

## 2️⃣ TECHNICAL & ORGANISATIONAL STANDARDS – HOW TO PROTECT THE DATA

### 2.1 ISO/IEC 27701 (Privacy Information Management System)

| Control area | Typical implementation for a subsidy/benefit service |
|--------------|--------------------------------------------------------|
| **P‑1 Governance** | Appoint a **Data Protection Officer (DPO)**; define a **privacy policy** that references the specific legal basis for each programme. |
| **P‑2 Risk Management** | Conduct a **risk‑based DPIA**; map risks (unauthorised disclosure, data inaccuracy) to controls (encryption, validation rules). |
| **P‑3 Data Subject Rights** | Build **automated workflows** for access, rectification, erasure, restriction, and data‑portability requests. |
| **P‑4 Data Lifecycle** | Use **classification tags** (e.g., “Sensitive – Health”, “Personal – Financial”) that trigger appropriate handling rules (encryption at rest, limited retention). |
| **P‑5 Third‑Party Management** | Draft **Data Processing Agreements (DPAs)** with any external IT service provider, specifying sub‑processor obligations, audit rights, and breach‑notification timelines. |
| **P‑6 Incident Management** | Implement a **Security Incident Response Plan** that meets the 72‑hour breach‑notification requirement (Art. 33 GDPR). |

### 2.2 ISO/IEC 27001 (Information Security Management)

| Annex A Control | Practical measure for a public‑benefit system |
|-----------------|-----------------------------------------------|
| **A.5 Information security policies** | Publish a **public‑service security policy** that references GDPR and national law. |
| **A.6 Organisation of information security** | Separate **administrative and technical roles** (e.g., eligibility officers vs. IT admins). |
| **A.8 Asset management** | Maintain an **inventory of data assets** (databases, file shares) and assign owners. |
| **A.9 Access control** | Enforce **role‑based access control (RBAC)**; use **strong authentication** (e‑ID, MFA). |
| **A.10 Cryptography** | Encrypt **personal data at rest** (AES‑256) and **in transit** (TLS 1.3). |
| **A.12 Operational security** | Apply **patch‑management**, **anti‑malware**, and **secure configuration baselines** for all servers. |
| **A.13 Communications security** | Secure **API endpoints** that exchange data with other government systems (e‑IDAS‑qualified signatures, mutual TLS). |
| **A.14 System acquisition** | Conduct **privacy‑by‑design reviews** for any new software (e.g., case‑management system). |
| **A.16 Information security incident management** | Log all **security events** in a SIEM; test the breach‑notification process annually. |
| **A.18 Compliance** | Perform **annual internal audits** against GDPR, ISO 27001, and national law; keep audit reports. |

### 2.3 NIST SP 800‑53 (or ENISA) – Mapping for a European public authority

| Control family | Example control & how it applies |
|----------------|-----------------------------------|
| **AC – Access Control** | AC‑2 (Account Management): Provision accounts only after identity verification (e‑ID). |
| **AU – Audit and Accountability** | AU‑12 (Audit Generation): Generate audit logs for every read/write of personal data. |
| **CM – Configuration Management** | CM‑7 (Least Functionality): Disable unnecessary services on benefit‑processing servers. |
| **IA – Identification & Authentication** | IA‑2 (Identification and Authentication (Organizational Users)): Use multi‑factor authentication for all staff with privileged access. |
| **SC – System and Communications Protection** | SC‑13 (Cryptographic Protection): Apply TLS 1.3 for all external connections; encrypt database columns containing special‑category data. |
| **SI – System and Information Integrity** | SI‑3 (Malware Protection): Deploy endpoint detection and response (EDR) on all workstations handling personal data. |

---

## 3️⃣ GOOD‑PRACTICE & SECTOR‑SPECIFIC GUIDANCE

| Area | Guidance source | What you should adopt |
|------|----------------|-----------------------|
| **Privacy‑by‑Design & by‑Default** | **EDPB Guidelines 2020‑03** (Processing for the performance of a task carried out in the public interest) | • Conduct DPIA *before* system design. <br>• Default to the most privacy‑friendly settings (e.g., minimal data fields displayed). |
| **Data sharing between agencies** | **EU‑ISA Interoperability Framework – Secure Data Exchange** | • Use **e‑IDAS‑qualified electronic seals** for data transfers. <br>• Adopt **RESTful APIs with OAuth 2.0 / OpenID Connect** for cross‑agency authentication. |
| **Beneficiary portals** | **National DPA “Digital Services” guidelines** (e.g., ICO’s “Guide to the GDPR for public authorities”) | • Provide **clear, layered privacy notices** (short summary + full policy). <br>• Offer **accessible design** (WCAG 2.2 AA). |
| **Retention & archiving** | **National archives law** (e.g., UK The Public Records Act) | • Separate **operational data** (short‑term) from **archival data** (long‑term) and apply different security controls. |
| **Statistical use of benefit data** | **Eurostat Methodological Guidelines** | • **Pseudonymise** before statistical analysis; keep the key separate and under strict access control. |
| **Health‑related licences (e.g., medical device permits)** | **EU Medical Device Regulation (MDR) Annex II** & **ISO 27799 (Health‑care information security)** | • Apply **additional safeguards** for health data (e.g., double encryption, stricter access logs). |
| **Financial subsidies** | **EU‑CEN/TC 251** (Social security data exchange) & **ISO 20022** (payment messages) | • Use **standardised data models** to reduce ad‑hoc processing and improve auditability. |

---

## QUICK‑START CHECKLIST (for a new or revised subsidy/benefit programme)

| # | Action | Standard / Reference | Who’s responsible | Deadline |
|---|--------|----------------------|-------------------|----------|
| 1 | **Identify the legal basis** (public task, legal obligation, etc.) | GDPR Art. 6, national law | Programme manager & Legal team | Before design |
| 2 | **Map data categories** (personal vs. special) | GDPR Art. 9, national statutes | Data architect | Before design |
| 3 | **Conduct DPIA**",The processing must follow the standards set out in the **Second Schedule**.,"**Yes** – the answer correctly addresses the question.  

- **Hallucination?** No – it does not introduce any information that isn’t in the source.  
- **Directly from the source?** Yes – the source explicitly states that “Processing of personal data for provision or issue of subsidy, benefit, service, certificate, licence or permit by State and its instrumentalities … shall be done following the standards specified in Second Schedule.”  

Thus the answer is accurate, non‑hallucinatory, and taken verbatim (or paraphrased) from the cited source."
8,specialized,What security safeguards must a Data Fiduciary implement to prevent a personal data breach?,At minimum: appropriate data security measures like encryption/obfuscation/masking/virtual tokens; access control on computer resources; logs/monitoring for detecting unauthorised access; continuity measures like data backups; retaining logs for one year; contractual safeguard provisions with Data Processors; and technical/organisational measures for compliance.,"Below is a concise, yet comprehensive, checklist of the **security safeguards a Data Fiduciary (DF) must put in place to prevent a personal‑data breach** under the **Indian Personal Data Protection Bill, 2023 (PDPB)** (and the broader global best‑practice landscape).  

---

## 1. Core Legal Requirements (PDPB)

| Provision (PDPB) | What it mandates for a Data Fiduciary |
|-------------------|---------------------------------------|
| **Section 5(1)(c) – “Security safeguards”** | DF must implement **reasonable security safeguards** (technical & organizational) to protect personal data. |
| **Section 5(1)(d) – “Data protection impact assessment (DPIA)”** | Conduct DPIA before processing that is likely to result in high risk to data subjects. |
| **Section 5(1)(e) – “Data breach notification”** | Notify the Data Protection Authority (DPA) and affected data subjects within **72 hours** of becoming aware of a breach. |
| **Section 7 – “Data protection officer (DPO)”** | Appoint a DPO (or equivalent) to oversee compliance, including security controls. |
| **Section 9 – “Data localisation & cross‑border transfer”** | Store a copy of “critical personal data” in India; ensure any cross‑border transfer meets the prescribed safeguards. |
| **Section 12 – “Accountability”** | DF must be able to **demonstrate** compliance (audit logs, policies, training records, etc.). |

> **Bottom line:** “Reasonable security safeguards” are not a static list; they must be **appropriate to the nature, scope, context and purposes of processing** and to the **risk** to the data subjects.

---

## 2. Technical Safeguards (the “hard” controls)

| Safeguard | Why it matters | Practical implementation tips |
|-----------|----------------|------------------------------|
| **Encryption (at rest & in transit)** | Protects data even if storage media or network traffic is intercepted. | • Use AES‑256 (or stronger) for data at rest.<br>• TLS 1.3 for all network communications.<br>• Manage keys in a Hardware Security Module (HSM) or a cloud‑based KMS with rotation policies. |
| **Pseudonymisation & Tokenisation** | Reduces identifiability; a breach yields less sensitive data. | • Replace direct identifiers with random tokens.<br>• Keep the mapping table separate, tightly controlled, and encrypted. |
| **Access Controls & Identity Management** | Limits who can see or modify data. | • Role‑Based Access Control (RBAC) or Attribute‑Based Access Control (ABAC).<br>• Enforce **least‑privilege** and **need‑to‑know** principles.<br>• Multi‑Factor Authentication (MFA) for all privileged accounts. |
| **Secure Software Development Lifecycle (SDLC)** | Prevents vulnerabilities from being built into applications. | • Threat modeling, static & dynamic code analysis, dependency scanning.<br>• Adopt OWASP Top 10 mitigations.<br>• Conduct regular penetration tests and code reviews. |
| **Network Segmentation & Firewalls** | Limits lateral movement after a compromise. | • Separate environments (dev, test, prod) and isolate databases containing personal data.<br>• Use next‑generation firewalls (NGFW) and micro‑segmentation. |
| **Endpoint Protection & Mobile Device Management (MDM)** | Stops malware & unauthorized device access. | • Anti‑malware, host‑based intrusion detection (HIDS), and device encryption.<br>• Enforce device‑level password policies, remote wipe, and app whitelisting. |
| **Data Integrity Controls** | Detects unauthorized alteration of data. | • Cryptographic hash (SHA‑256) or digital signatures on critical records.<br>• Write‑once‑read‑many (WORM) storage for audit logs. |
| **Secure Backup & Disaster Recovery** | Guarantees availability and protects against ransomware. | • Encrypted, immutable backups stored off‑site (or in a separate cloud region).<br>• Regular restore‑testing (at least quarterly). |
| **Logging, Monitoring & Anomaly Detection** | Early detection of suspicious activity. | • Centralised SIEM with real‑time alerts.<br>• User‑behavior analytics (UEBA) for privileged accounts.<br>• Retain logs for ≥ 12 months (or as required by the DPA). |
| **Vulnerability Management & Patch Management** | Reduces exploitable attack surface. | • Automated scanning (e.g., Qualys, Nessus) weekly.<br>• Critical patches applied within 48 hours; others within 30 days. |
| **Secure Configuration Management** | Prevents mis‑configurations that expose data. | • Harden OS, DB, and application defaults (disable unused services, change default passwords).<br>• Use CIS Benchmarks or equivalent hardening guides. |
| **Data Loss Prevention (DLP)** | Stops accidental or malicious exfiltration. | • Content inspection on email, web, cloud storage, and endpoint.<br>• Block or quarantine policy violations. |
| **Privacy‑Enhancing Technologies (PETs)** | Further reduces exposure of personal data. | • Differential privacy for analytics.<br>• Homomorphic encryption for processing encrypted data (if feasible). |

---

## 3. Organizational Safeguards (the “soft” controls)

| Safeguard | What it achieves | Implementation notes |
|-----------|------------------|----------------------|
| **Data Protection Officer (DPO) / Chief Privacy Officer** | Central point of accountability; oversees policies, DPIAs, breach response. | • Must have requisite expertise.<br>• Report directly to senior management/board. |
| **Data Protection & Security Policies** | Formalise expectations and procedures. | • Include Data Classification, Acceptable Use, Incident Response, Retention & Disposal, Remote Working, BYOD, etc.<br>• Review annually or after major changes. |
| **Data Minimisation & Purpose Limitation** | Reduces the amount of data that could be breached. | • Collect only what is necessary; delete or anonymise when no longer needed. |
| **Data Retention & Secure Disposal** | Limits exposure window. | • Define retention schedules per data category.<br>• Use cryptographic erasure or physical destruction for media disposal. |
| **Employee Awareness & Training** | Human error is a leading cause of breaches. | • Mandatory privacy & security training at onboarding and annually.<br>• Phishing simulations (quarterly). |
| **Third‑Party Management** | Vendors can be the weakest link. | • Conduct due‑diligence & security questionnaires.<br>• Include data‑protection clauses & right to audit in contracts.<br>• Require third‑party compliance with PDPB (or equivalent). |
| **Incident Response Plan (IRP)** | Enables rapid containment & notification. | • Define roles, communication flow, forensic procedures, and escalation matrix.<br>• Conduct tabletop exercises at least twice a year. |
| **Data Protection Impact Assessments (DPIAs)** | Identifies high‑risk processing before it starts. | • Use a standard DPIA template; involve DPO, legal, security, and business owners.<br>• Document risk‑mitigation measures and obtain senior sign‑off. |
| **Regular Audits & Compliance Reviews** | Demonstrates accountability and uncovers gaps. | • Internal audits (quarterly) + external audit (annually).<br>• Use ISO 27001, ISO 27701, or NIST CSF as frameworks. |
| **Governance & Board Oversight** | Ensures resources and strategic focus. | • Board receives periodic risk dashboards (e.g., number of incidents, audit findings, remediation status). |
| **Record‑of‑Processing Activities (RoPA)** | Provides transparency and aids DPIAs. | • Maintain a detailed register (purpose, legal basis, data categories, retention, transfers, etc.). |
| **Cross‑Border Transfer Mechanisms** | Prevents illegal export of data. | • Use Standard Contractual Clauses (SCCs), Binding Corporate Rules (BCRs), or obtain explicit consent where required. |
| **Privacy by Design & Default** | Embeds privacy into every system. | • Conduct privacy‑by‑design reviews at each development stage.<br>• Default settings should be the most privacy‑protective. |

---

## 4. A Practical “Security‑by‑Design” Checklist for a New Project

| Phase | Key Actions (Technical + Organizational) |
|-------|-------------------------------------------|
| **1. Initiation** | • Appoint DPO.<br>• Draft a high‑level data‑flow diagram.<br>• Identify personal data categories & legal bases. |
| **2. DPIA** | • Conduct DPIA (risk scoring).<br>• Document mitigation (e.g., encryption, pseudonymisation). |
| **3. Architecture** | • Choose cloud provider with ISO 27001/27701 certification and Indian data‑centre for critical data.<br>• Design network segmentation & zero‑trust access. |
| **4. Development** | • Enforce secure coding standards (OWASP ASVS).<br>• Integrate static/dynamic analysis into CI/CD pipeline.<br>• Store secrets in vaults (e.g., HashiCorp Vault). |
| **5. Testing** | • Perform threat modelling, penetration testing, and red‑team exercises.<br>• Validate encryption key management and backup restoration. |
| **6. Deployment** | • Apply hardened configurations (CIS Benchmarks).<br>• Enable logging to a tamper‑evident SIEM.<br>• Activate DLP on outbound channels. |
| **7. Operations** | • Continuous vulnerability scanning & patching.<br>• Quarterly security awareness refresher for all staff.<br>• Monthly review of access rights. |
| **8. Incident Management** | • IRP run‑book ready; test with tabletop drills.<br>• Pre‑approved breach‑notification templates for regulator & data subjects. |
| **9. Review & Improvement** | • Annual audit against ISO 27701.<br>• Update DPIA and RoPA after any material change. |

---

## 5. Sample Policy Excerpts (to help you get started)

### 5.1 Encryption Policy (excerpt)

> *All personal data stored in databases, file systems, or backups shall be encrypted using AES‑256‑GCM with a minimum key length of 256 bits. Encryption keys shall be generated, stored, rotated, and destroyed in accordance with the organisation’s Key Management Procedure, which mandates the use of an HSM‑backed KMS and a key‑rotation period not exceeding 12 months.*  

### 5.2 Access‑Control Policy (excerpt)

> *Access to personal‑data processing systems shall be granted on a “least‑privilege” basis. All privileged access must be approved by the Data Protection Officer and reviewed quarterly. Multi‑factor authentication (MFA) is mandatory for any user accessing production environments.*  

### 5.3 Incident‑Response Policy (excerpt)

> *Upon detection of a suspected personal‑data breach, the Incident Response Team shall: (a) contain the incident within 4 hours; (b) perform forensic analysis and preserve evidence; (c) notify the DPO, who will assess the breach severity and, if required, inform the Data Protection Authority and affected data subjects within 72 hours; (d) document the incident in the Breach Register and conduct a post‑mortem within 30 days.*  

---

## 6. Mapping to International Frameworks (for reference & audit)

| International Standard | How it aligns with PDPB safeguards |
|------------------------|--------------------------------------|
| **ISO 27001 / ISO 27701** | Provides a systematic approach to risk‑based security controls and privacy‑specific extensions (e.g., P‑7.1 Data protection policy, P‑7.2 Data‑subject rights). |
| **NIST Cybersecurity Framework (CSF)** | Core functions (Identify, Protect, Detect, Respond, Recover) map directly to PDPB sections on safeguards, breach response, and accountability. |
| **CIS Controls v8** | Controls 1‑7 (Inventory, Secure Config, Access Control, Audit Log, Email/Browser, Malware Defenses, Data Protection) cover the technical safeguards required under Section 5(1)(c). |
| **PCI‑DSS (if handling payment data)** | Adds specific encryption, tokenisation, and monitoring requirements that can be reused for broader personal‑data protection. |

---

## 7. Quick “Do‑It‑Now” Action List (for an existing DF)

1. **Assign / confirm a Data Protection Officer** (if not already done).  
2. **Run a Data‑Inventory & Classification exercise** – know exactly what personal data you hold, where, and why.  
3. **Perform a high‑level DPIA** on the most risky processing activities.  
4. **Verify encryption at rest & in transit** for all data stores and APIs.  
5. **Enable MFA for all privileged accounts** and enforce least‑privilege access.  
6. **Implement a SIEM** (or upgrade existing) with real‑time alerts for anomalous access to personal data.  
7. **Draft/refresh the Incident‑Response Plan** and conduct a tabletop drill within the next 30 days.  
8. **Schedule a third‑party security questionnaire** for all vendors that process personal data.  
9. **Roll out a mandatory privacy‑security training** for all staff (including remote workers).  
10. **Document the above steps** in a compliance dashboard for board review.

---

### TL;DR

- **Technical safeguards**: encryption, pseudonymisation, strong access controls, secure SDLC, network segmentation, endpoint protection, backup & recovery",They must take reasonable security safeguards to prevent a personal data breach.,"**Answer:** **Yes** – the response correctly answers the question, and it does **not** hallucinate; it is taken directly from the source.

**Reasoning**

1. **Does the answer address the question?**  
   - The question asks what security safeguards a Data Fiduciary must implement to prevent a personal data breach.  
   - The answer states that the Data Fiduciary must “take reasonable security safeguards to prevent a personal data breach.” This directly mirrors the requirement in the source text, thereby satisfying the question (even though it does not list specific safeguards, the source itself only uses the generic term “reasonable security safeguards”).

2. **Is the answer derived from the source or fabricated?**  
   - The source excerpt includes the phrase: “by taking reasonable security safeguards to prevent personal data breach.”  
   - The answer repeats this phrasing verbatim (aside from minor wording changes), indicating it is **directly quoted/paraphrased** from the source.  
   - No additional, unsupported details are introduced, so there is **no hallucination**.

3. **Conclusion**  
   - The answer is a correct, source‑based response to the question, albeit brief. It accurately reflects the requirement that the Data Fiduciary must implement “reasonable security safeguards.”"
9,specialized,How long before completion of the erasure period must a Data Fiduciary notify the Data Principal?,At least forty-eight hours before completion of the time period for erasure of personal data.,"Under the Personal Data Protection Bill (the framework that uses the terms **Data Fiduciary** and **Data Principal**), the fiduciary is required to give the principal advance notice of the impending erasure. Specifically, the fiduciary must **notify the Data Principal at least 30 days before the erasure period is set to be completed**. This advance notice lets the principal know that their data will be deleted and gives them a window to raise any objections or take any final actions before the erasure is finalized.",At least 48 hours before the erasure period is completed.,"**Yes** – the answer correctly responds to the question.  

- **Accuracy:** The source states, “*At least forty‑eight hours before completion of the time period for erasure of personal data… the Data Fiduciary shall inform the Data Principal…*”. The answer “At least 48 hours before the erasure period is completed” matches this requirement exactly.  

- **Hallucination:** The answer does not introduce any information not present in the source; it is a direct paraphrase (or near‑verbatim) of the cited rule.  

**Conclusion:** The answer properly answers the question and is taken directly from the source, with no hallucination."
10,specialized,What must a Data Fiduciary do to obtain verifiable consent for processing a child's personal data?,"Adopt appropriate technical and organisational measures to ensure verifiable consent of the parent is obtained, and observe due diligence to check the parent is an identifiable adult (18+), by reference to reliable identity/age details or a virtual token issued by an authorised entity.","### In a nutshell  
A **Data Fiduciary** (the entity that determines the purpose and means of processing personal data) must follow a **four‑step “verifiable‑consent” routine** whenever it wants to process a child’s personal data.  
The routine is designed to prove, beyond a reasonable doubt, that a **parent or legal guardian** (or, where the law permits, the child herself) has freely given informed consent.

Below is a practical checklist that satisfies the requirements of the **Indian Personal Data Protection Bill, 2023 (PDPB)** – which uses the term *Data Fiduciary* – and is also consistent with the **EU GDPR** (Art. 8) and other child‑privacy regimes.

---

## 1. **Identify the child and the applicable age threshold**

| Jurisdiction | Age at which a child can give consent on their own | What you need to do if the child is **below** that age |
|--------------|---------------------------------------------------|--------------------------------------------------------|
| **India (PDPB)** | 18 years (the law treats anyone under 18 as a “child”) | Obtain consent from a parent/guardian. |
| **EU (GDPR)** | 16 years (Member‑states may lower to 13) | Obtain consent from a parent/guardian. |
| **US (COPPA)** | 13 years | Obtain parental consent. |
| **Other** | Varies | Follow the local statutory age. |

> **Bottom line:** If the data subject is *under the statutory age*, the Fiduciary must secure **parent/guardian consent**; if the child is at or above the age, the child may give consent herself, but the Fiduciary must still be able to prove that the consent was informed and voluntary.

---

## 2. **Provide a clear, concise, and age‑appropriate privacy notice**

| Element | What to include | How to present it |
|---------|----------------|-------------------|
| **Identity of the Fiduciary** | Name, contact details, Data Protection Officer (if any) | Plain language, visible on the consent screen or form |
| **Purpose(s) of processing** | Specific, limited purposes (e.g., “to create a learning profile”) | Bullet points, ≤ 2‑3 sentences each |
| **Categories of data** | What personal data will be collected (e.g., name, email, location, photos) | Use icons or simple terms (“your child’s name”, “photos”) |
| **Legal basis** | “We need your permission (parental consent) to process this data” | Explicit statement |
| **Rights of the child/parent** | Access, correction, deletion, withdrawal of consent, complaint to regulator | Short list with links to full policy |
| **Retention period** | How long the data will be kept | “We keep it for 2 years after the child stops using the service” |
| **Data sharing** | Any third‑party recipients (e.g., analytics, cloud provider) | Name the parties or categories |
| **Cross‑border transfer** (if any) | Where the data may be sent and safeguards used | “Data may be stored in the US under EU‑standard contractual clauses” |
| **Contact for queries** | Email/phone for privacy questions | Prominently displayed |

**Key requirement:** The notice must be **“readily understandable to a child of the relevant age”** (PDPB § 13(2); GDPR Art. 8(1)(a)). Use simple language, visual aids, or even a short video if the platform is mobile‑first.

---

## 3. **Obtain an affirmative, verifiable act of consent**

### 3.1. **Methods that qualify as “verifiable”**

| Method | How it works | When it is considered “verifiable” |
|--------|--------------|-----------------------------------|
| **Signed electronic form** (e‑signature) | Parent/guardian signs with a digital signature or types name + checks a box | The form captures IP address, timestamp, and device ID. |
| **One‑time password (OTP) to a verified parent’s phone/email** | After the parent enters their contact, an OTP is sent; the parent must enter it to confirm consent. | OTP receipt proves control of the parent’s communication channel. |
| **Video/Audio confirmation** | Parent records a short video or audio stating consent and provides a selfie for identity. | Stored securely; timestamped; can be reviewed if challenged. |
| **Credit‑card or payment verification** (only if a payment is required) | A small refundable charge is made to a parent’s card; the transaction ID is logged. | Demonstrates that the payer is an adult with a payment instrument. |
| **Government‑issued ID upload + parental email verification** | Parent uploads a scanned ID (e.g., Aadhaar, passport) and clicks a verification link sent to the email address on the ID. | The combination of ID and email link is strong proof of adult identity. |
| **In‑person consent** (for offline services) | Signed paper form collected by a staff member. | Scanned and stored with metadata (date, location, staff ID). |

> **What NOT to use:** Simple “click‑to‑agree” boxes without any additional check on the parent’s identity are **not** considered verifiable under PDPB or GDPR.

### 3.2. **Steps to capture the consent**

1. **Collect the parent/guardian’s contact details** (email, mobile number, or both).  
2. **Trigger a verification channel** (OTP, verification link, etc.).  
3. **Present the privacy notice** (or a link to it) **before** the parent can give consent.  
4. **Require an affirmative action** (e.g., “I Agree”, digital signature, OTP entry).  
5. **Log the entire interaction** (IP address, device fingerprint, timestamp, consent text, verification method).  
6. **Provide a copy of the consent record** to the parent (email receipt with a PDF of the notice and the consent log).  

---

## 4. **Maintain a robust audit trail**

| What to store | Format | Retention period (minimum) |
|---------------|--------|----------------------------|
| **Consent record** (who gave consent, when, how verified) | Structured JSON / database row + PDF receipt | At least as long as the personal data is retained, plus 2 years (PDPB § 23) |
| **Privacy notice version** that was shown at the time of consent | PDF or HTML snapshot | Same as above |
| **Verification artefacts** (OTP logs, ID scans, video files) | Encrypted files with access logs | Same as above |
| **Withdrawal logs** (date/time of withdrawal, method) | Same as consent record | Same as above |

**Best practice:** Store the audit trail in a **tamper‑evident** system (e.g., append‑only ledger, blockchain‑based hash, or WORM storage) and encrypt it with a key that only the Data Protection Officer (or a designated compliance team) can access.

---

## 5. **Enable easy withdrawal of consent**

1. **Provide a “Withdraw” button** in the child‑or‑parent portal, or a simple email address (e.g., privacy@yourcompany.com).  
2. **Confirm the withdrawal** with the same verification channel used for consent (e.g., OTP to the parent’s phone).  
3. **Cease processing** the child’s data **as soon as practicable** (unless another lawful basis applies).  
4. **Delete or anonymise** the data within the statutory period (usually 30 days) and inform the parent of the action taken.  

---

## 6. **Special considerations for “direct‑to‑child” consent (where allowed)**

If the child is **above the statutory age** (e.g., 16 + in the EU, 18 + in India) and can give consent herself:

| Requirement | How to satisfy it |
|-------------|-------------------|
| **Age verification** | Ask for a government‑issued ID, or use a reliable age‑estimation service (e.g., credit‑card check, digital ID). |
| **Clear notice** | Same as for parents, but phrased directly to the child. |
| **Affirmative act** | Same verification methods (OTP to the child’s email/phone, digital signature). |
| **Record‑keeping** | Same audit‑trail requirements. |

---

## 7. **Compliance checklist (quick‑reference)**

| ✅ | Action |
|----|--------|
| **1** | Determine the child’s age and the applicable consent age. |
| **2** | Draft an age‑appropriate privacy notice covering all mandatory elements. |
| **3** | Choose a verifiable consent method (OTP, digital signature, video, ID + email link, etc.). |
| **4** | Implement a consent UI that **first** shows the notice, **then** asks for the parent’s contact, **then** triggers verification, **then** records the affirmative act. |
| **5** | Log every detail (who, when, how, what notice version). |
| **6** | Store logs in a tamper‑evident, encrypted repository for the required retention period. |
| **7** | Provide a simple, accessible way to withdraw consent and act on withdrawals promptly. |
| **8** | Periodically review the process (at least annually) for any regulatory updates or technology changes. |

---

## 8. **Sample workflow (illustrative)**

1. **Landing page** – “We need your permission to collect your child’s data. Learn more.” (link to notice).  
2. **Parent clicks “Continue”** → **Enter parent email & mobile**.  
3. **System sends OTP** to the entered mobile.  
4. **Parent enters OTP** → **System displays the full privacy notice** (scroll‑to‑accept).  
5. **Parent checks “I have read and agree”** and optionally signs with a typed name.  
6. **System records:**  
   - Parent’s email & phone  
   - OTP code & timestamp  
   - IP address & device fingerprint  
   - Full text of the notice (snapshot)  
   - Consent checkbox timestamp  
7. **System sends receipt email** with PDF of the notice + consent log.  
8. **Data processing begins** (only for the purposes listed).  

If the parent later clicks “Withdraw consent” in the receipt email, the same OTP verification is used, the system stops processing, deletes the child’s data, and sends a confirmation of deletion.

---

### TL;DR

To obtain **verifiable consent** for a child’s personal data, a Data Fiduciary must:

1. **Identify the child’s age** and confirm that a parent/guardian must give consent.  
2. **Provide a plain‑language privacy notice** covering all required elements.  
3. **Collect an affirmative act of consent** that is **backed by a reliable verification of the parent’s identity** (OTP, digital signature, ID + email link, video, etc.).  
4. **Log the entire interaction** (who, when, how, what notice version) in a tamper‑evident, encrypted store.  
5. **Allow easy withdrawal** and act on it promptly.  

Following the checklist above will satisfy the **verifiable‑consent** obligations under the PDPB, GDPR, and similar child‑privacy statutes.",A Data Fiduciary must put in place appropriate technical and organisational measures — and exercise due‑diligence — to obtain the parent’s verifiable consent **before** it processes any personal data of a child.,"**Answer evaluation**

- **Does the answer properly answer the question?** **Yes** – it correctly states that a Data Fiduciary must implement appropriate technical and organisational measures and exercise due‑diligence to obtain the parent’s verifiable consent **before** processing a child’s personal data.

- **Does the answer hallucinate?** **No** – all the elements mentioned (technical/organisational measures, due‑diligence, parent’s verifiable consent, and the “before processing” timing) are present in the source text.

- **Is the answer taken directly from the source or paraphrased?** The answer is **paraphrased** from the source. It uses the same concepts and wording (“appropriate technical and organisational measures”, “exercise due‑diligence”, “obtain the parent’s verifiable consent before processing”) but does not copy the text verbatim."
11,obscure,What is a 'local level committee' under the DPDP Rules?,"A local level committee constituted under Section 13 of the National Trust for the Welfare of Persons with Autism, Cerebral Palsy, Mental Retardation and Multiple Disabilities Act, 1999.","**Local Level Committee (LLC) – What the DPDP Rules Say**

The *Data Protection and Data Privacy (DPDP) Act, 2023* and the accompanying **DPDP Rules, 2023** create a three‑tier system for handling data‑related grievances:

1. **Local Level Committee (LLC)** – the first point of contact, at the “local” (state/union‑territory) level.  
2. **State‑Level Committee (SLC)** – the next tier, set up by each State Data Protection Authority (SDPA).  
3. **National‑Level Committee (NLC)** – the final tier, under the Data Protection Board of India (DPBI).

Below is a distilled description of the **Local Level Committee** as defined in **Rule 13 of the DPDP Rules, 2023** (the rule that deals with “Grievance Redressal Mechanism”).

---

### 1. Legal Definition (Rule 13(1))

> “**Local Level Committee** means a committee constituted by the State Data Protection Authority (SDPA) in each State/Union Territory for the purpose of receiving, investigating and disposing of complaints relating to contraventions of the DPDP Act and the DPDP Rules, at the local level.”

---

### 2. Composition (Rule 13(2) & Rule 13(3))

| Member | Who can be appointed | Minimum/Maximum number |
|--------|----------------------|------------------------|
| **Chairperson** | A person of *integrity, expertise in data protection, and not an employee of the data fiduciary concerned* | 1 |
| **Member(s) representing the Data Fiduciary** | Senior officer of the data fiduciary (or an authorized representative) | 1 |
| **Member(s) representing the Data Principal** | A consumer‑rights or civil‑society organization, or an individual consumer representative | 1 |
| **Independent Member(s)** (optional) | Expert in technology, law, or privacy, appointed by the SDPA | Up to 2 (as needed) |

*The total size of the LLC is normally **3‑5 members**. The SDPA may prescribe additional qualifications (e.g., experience in IT, law, or consumer protection).*

---

### 3. Powers & Functions (Rule 13(4)‑(9))

| Function | What the LLC can do |
|----------|---------------------|
| **Receive complaints** | Accept written or electronic complaints from data principals (individuals) alleging violation of any provision of the DPDP Act/Rules. |
| **Pre‑liminary assessment** | Determine whether the complaint falls within its jurisdiction (i.e., the alleged contravention occurred within the State/UT). |
| **Investigation** | Issue notices to the data fiduciary, summon documents, and, where necessary, conduct on‑site inspections. |
| **Mediation & Settlement** | Facilitate voluntary settlement between the data principal and the data fiduciary, provided the settlement complies with the Act. |
| **Adjudication** | If mediation fails, the LLC can **order remedial actions** (e.g., deletion of data, correction of records, compensation up to ₹5 crore) and **impose penalties** (up to 2 % of the fiduciary’s global turnover, subject to a ceiling of ₹25 crore). |
| **Referral** | Forward matters that require higher authority (e.g., complex cross‑border issues) to the State‑Level Committee or the Data Protection Board. |
| **Reporting** | Submit an annual report to the SDPA on the number of complaints received, disposed of, and the nature of penalties imposed. |
| **Appeal** | Decisions of the LLC can be appealed to the State‑Level Committee within 30 days of the order. |

---

### 4. Procedural Safeguards (Rule 13(10)‑(12))

1. **Timelines** – The LLC must **acknowledge receipt of a complaint within 7 days** and **dispose of it within 60 days** (extensions possible only for reasons beyond its control).  
2. **Fair Hearing** – Both the complainant and the data fiduciary are given a **reasonable opportunity to be heard** (including the right to submit evidence and cross‑examine witnesses).  
3. **Confidentiality** – All proceedings, documents, and personal data disclosed during the process are **confidential** and cannot be used for any purpose other than the grievance resolution.  
4. **No Conflict of Interest** – Members must disclose any personal or financial interest in the parties; any conflicted member must recuse themselves.

---

### 5. Where the LLC Fits in the Overall Framework

```
Data Principal (complainant)
          ↓
Local Level Committee (State/UT)
          ↓
State‑Level Committee (if appealed)
          ↓
National‑Level Committee / Data Protection Board (final appeal)
```

The **LLC is intended to be the most accessible, speedy, and inexpensive forum** for individuals to enforce their privacy rights without having to go straight to the national board.

---

### 6. Practical Take‑aways

| For Data Fiduciaries | For Data Principals |
|----------------------|---------------------|
| **Maintain a grievance‑redressal officer** who liaises with the LLC and keeps records of all complaints. | **File complaints in writing (email, portal, or physical letter)** with clear details of the alleged breach; keep copies of all communications. |
| **Prepare documentation** (privacy policy, data‑processing logs, consent records) to present to the LLC when summoned. | **Expect a response within 7 days** and a final decision within 60 days, unless the LLC grants an extension. |
| **Consider settlement** – the LLC encourages mediation; a mutually agreeable settlement can avoid higher penalties. | **If dissatisfied with the LLC’s order**, you have a right to appeal to the State‑Level Committee within 30 days. |

---

### 7. References (for deeper reading)

| Source | Section / Rule |
|--------|----------------|
| **DPDP Act, 2023** | Chapter III – “Data Protection Board” (for hierarchy) |
| **DPDP Rules, 2023** | **Rule 13** – “Local Level Committee” (definition, composition, powers) |
| **Official Gazette Notification** | “The Data Protection and Data Privacy (DPDP) Rules, 2023” (dated 28 Oct 2023) |
| **Ministry of Electronics & Information Technology (MeitY) – Guidance Note** | “Operational Guidelines for Local Level Committees” (issued Jan 2024) |

---

#### TL;DR

A **Local Level Committee (LLC)** is a state‑level grievance‑redressal body set up by the State Data Protection Authority under the DPDP Rules. It consists of a chairperson, a representative of the data fiduciary, a representative of the data principal (or consumer‑rights group), and optionally independent experts. Its job is to receive, investigate, mediate, and adjudicate complaints about data‑privacy violations within the state, imposing remedial orders and penalties (up to ₹5 crore or 2 % of turnover, whichever is lower) and forwarding matters upward if needed. The LLC is the first, most accessible tier for individuals seeking enforcement of their privacy rights under the DPDP framework.","A “local level committee” is the committee that is constituted under section 13 of the National Trust for the Welfare of Persons with Autism, Cerebral Palsy, Mental Retardation and Multiple Disabilities Act, 1999 (44 of 1999).","**Answer:** Yes – the response correctly defines a “local level committee” as the committee constituted under section 13 of the National Trust for the Welfare of Persons with Autism, Cerebral Palsy, Mental Retardation and Multiple Disabilities Act, 1999.

**Hallucination check:** No – the answer does not hallucinate; it is taken verbatim (or paraphrased very closely) from the provided source text."
12,specialized,Under what condition may personal data be transferred outside the territory of India?,"Subject to the restriction that the Data Fiduciary shall meet such requirements as the Central Government may specify, particularly regarding making personal data available to a foreign State or any person/entity under its control.","## Short answer  
Under India’s **Digital Personal Data Protection Act, 2023 (DPDP Act)** – and the earlier **Personal Data Protection Bill, 2019** that it supersedes – a **personal‑data fiduciary may transfer data outside India only when**:

1. **The data principal (the individual) gives **_explicit, informed, and free_** consent for that specific cross‑border transfer**, **and**  
2. **One of the statutory “adequacy” or “necessity” safeguards applies**, namely:  

| Condition | What it means in practice | When it can be relied on |
|-----------|---------------------------|--------------------------|
| **Adequacy decision** (Sec. 13(1)(a) DPDP Act) | The destination country/territory (or the specific recipient) has been **notified by the Government of India as providing a level of data protection essentially equivalent to that required under Indian law**. | The Government has issued a formal adequacy notification (e.g., for the EU‑UK “adequacy” regime, Singapore, etc.). |
| **Explicit consent** (Sec. 13(1)(b)) | Even if no adequacy decision exists, the fiduciary may transfer **if the data principal has given explicit consent** after being informed of: <br>• the purpose(s) of the transfer, <br>• the identity of the recipient, <br>• the country/territory of destination, <br>• the safeguards that will apply. | The fiduciary must keep a record of the consent and may not rely on “implied” or “soft” consent. |
| **Contractual necessity** (Sec. 13(1)(c)) | Transfer is allowed when **necessary for the performance of a contract** between the fiduciary and the data principal, **or between the fiduciary and a third party** on behalf of the data principal. | Example: a cloud‑service provider processing data on behalf of an Indian e‑commerce platform. |
| **Legal/Regulatory requirement** (Sec. 13(1)(d)) | Transfer is permitted when **required by a law, a court order, or a statutory authority** of the destination country, **provided the fiduciary informs the data principal** (unless prohibited by law). | Example: complying with a foreign tax‑information exchange request. |
| **Protection of vital interests** (Sec. 13(1)(e)) | Transfer may be made to protect the **life or health of the data principal or another person**, where the data principal is **incapacitated or unable to give consent**. | Example: medical emergency where data must be sent to a foreign hospital. |
| **Public interest / national security** (Sec. 13(1)(f) & (g)) | Transfer is allowed when **necessary for the performance of a function of the State** (e.g., law‑enforcement, defence, public health) **or for the protection of the sovereignty, integrity, security, or economic interests of India**. | Example: sharing biometric data with a foreign intelligence agency under a bilateral treaty. |
| **Data‑localisation exception** (Sec. 13(2)) | The Government may **direct that certain categories of data (e.g., critical personal data) must be stored only in India**; in such cases, cross‑border transfer is prohibited unless a specific exemption is issued. | Critical personal data (as defined by the Act) is subject to this rule. |

> **Bottom line:** *Without either an adequacy decision or one of the statutory exceptions (most commonly explicit consent), a fiduciary cannot lawfully move personal data out of India.*

---

## Detailed legal framework

### 1. The Digital Personal Data Protection Act, 2023 (DPDP Act)

| Provision | Core requirement |
|-----------|-------------------|
| **Section 13 – Cross‑border transfer of personal data** | Sets the **general rule** (explicit consent) and the **specific permissible grounds** listed above. |
| **Section 14 – Adequacy decision** | Empowers the **Central Government** (or a designated authority) to **notify** a country/territory as providing “adequate” protection. The notification is published in the Official Gazette and is binding on all fiduciaries. |
| **Section 15 – Data fiduciary obligations** | Requires fiduciaries to **ensure that the recipient abroad complies with the same obligations** (e.g., purpose limitation, security, accountability). The fiduciary must **enter into a contract** (or other enforceable instrument) with the foreign recipient that mirrors Indian obligations. |
| **Section 16 – Data‑principal rights** | Gives the data principal the right to **withdraw consent at any time**; the fiduciary must cease further transfers unless another ground applies. |
| **Section 23 – Penalties** | Non‑compliance with cross‑border transfer rules can attract **up to ₹5 crore** fine or **up to 3 years imprisonment**, or both. |

### 2. Earlier legal regime (for historical context)

| Law / Rule | Cross‑border transfer condition |
|------------|---------------------------------|
| **Information Technology (Reasonable Security Practices and Procedures and Sensitive Personal Data or Information) Rules, 2011** (under the IT Act) | Transfer of **Sensitive Personal Data or Information (SPDI)** outside India required **explicit consent** of the data principal and **reasonable security practices** by the recipient. |
| **Personal Data Protection Bill, 2019** (never enacted) | Mirrored the DPDP Act: **explicit consent** + **adequacy** or **contractual/legal necessity**. The Bill also introduced a **Data Protection Authority (DPA)** to certify adequacy. |

---

## How a fiduciary can comply in practice

1. **Determine the category of data**  
   - *Critical personal data* (e.g., biometric, health, financial) may be subject to **data‑localisation** (must be stored in India).  
   - *Non‑critical personal data* can be transferred if the conditions are met.

2. **Check for an adequacy decision**  
   - Visit the **Ministry of Electronics & Information Technology (MeitY) website** or the **Official Gazette** for the latest list of countries/territories notified as “adequate”.

3. **If no adequacy decision, obtain explicit consent**  
   - Use a **clear, separate consent form** (not bundled with terms of service).  
   - Include: purpose, recipient identity, destination country, duration of storage, and the safeguards in place.  
   - Store the consent record securely and make it **audit‑ready**.

4. **If relying on a statutory exception** (contractual necessity, legal requirement, etc.)  
   - **Document** the legal basis (e.g., copy of the contract, court order).  
   - Conduct a **data‑impact assessment** to ensure the transfer is proportionate and limited to what is strictly necessary.

5. **Enter into a “Data Transfer Agreement” (DTA)** with the foreign recipient  
   - The DTA must obligate the recipient to: <br>• Process data only for the agreed purpose, <br>• Implement security measures at least equivalent to Indian standards, <br>• Allow audits or provide certifications, <br>• Notify the fiduciary of any breach.  

6. **Maintain a cross‑border transfer register**  
   - Record: data principal, data category, purpose, consent evidence, recipient details, adequacy status, and DTA reference.  
   - This register must be **available to the Data Protection Authority (DPA)** on request.

7. **Monitor for changes**  
   - Adequacy decisions can be **revoked**; consent can be **withdrawn**; contracts can be **terminated**.  
   - Set up a **review cycle (e.g., quarterly)** to verify continued compliance.

---

## Frequently asked follow‑up questions

| Question | Short answer |
|----------|--------------|
| **Can a fiduciary rely solely on “legitimate interest” (as under the EU GDPR) to transfer data abroad?** | No. The DPDP Act does **not** recognise a “legitimate‑interest” ground for cross‑border transfer. Only the eight grounds listed in Sec. 13 are permissible. |
| **What if the foreign recipient is a subsidiary of the Indian fiduciary?** | The subsidiary is still a **foreign entity**; the same rules apply. If the subsidiary is located in a country with an adequacy decision, transfer is allowed without consent. Otherwise, explicit consent (or another statutory ground) is required. |
| **Do anonymised or pseudonymised data need consent for export?** | If the data is **truly anonymised** (i.e., the individual is no longer identifiable), it is **not personal data** under the DPDP Act, and the transfer is unrestricted. **Pseudonymised** data remains personal data; the same cross‑border rules apply. |
| **What about transfers to cloud service providers that store data in multiple jurisdictions?** | The fiduciary must **identify the actual location(s)** of the data. If any location falls outside an adequacy‑notified country, the fiduciary must obtain explicit consent (or meet another statutory ground) for those jurisdictions. |
| **Is there a “standard contractual clause” (SCC) model approved by the Indian government?** | As of the latest amendment (2024), the **Government has not issued a specific SCC template**. Fiduciaries must draft DTAs that meet the statutory requirements; many organisations adopt the **EU‑style SCCs** as a best practice, but they must be **tailored** to Indian law. |

---

## Quick checklist for a lawful cross‑border transfer

| ✅ | Action |
|----|--------|
| 1 | **Identify** whether the data is “critical personal data”. If yes → **must be stored in India** (no transfer). |
| 2 | **Check** the adequacy list. If the destination country is on it → transfer allowed **without consent** (but still need a DTA). |
| 3 | If no adequacy → **obtain explicit, informed consent** from the data principal (record it). |
| 4 | **Confirm** that one of the statutory exceptions (contractual necessity, legal requirement, vital interest, public interest, etc.) applies if you are not using consent. |
| 5 | **Draft & sign** a Data Transfer Agreement that mirrors Indian obligations. |
| 6 | **Maintain** a cross‑border transfer register and retain all supporting documents. |
| 7 | **Implement** technical and organisational safeguards (encryption, access controls, breach‑notification procedures). |
| 8 | **Review** annually (or when any condition changes) to ensure continued compliance. |

---

### Bottom line

> **Personal data may leave India only if the data principal gives explicit consent *or* a specific statutory ground (adequacy decision, contractual necessity, legal requirement, vital interest, public‑interest/national‑security, etc.) applies, and the fiduciary puts in place contractual safeguards and maintains proper records.**  

Failure to meet any of these conditions makes the cross‑border transfer **illegal** and exposes the fiduciary to **substantial civil and criminal penalties** under the DPDP Act.","Personal data may be transferred outside the territory of India **provided the Data Fiduciary complies with any requirements that the Central Government specifies (by general or special order) for making that personal data available to a foreign State, person, or entity.**","**Answer evaluation**

- **Does the answer properly answer the question?** **Yes** – it states the condition under which personal data may be transferred outside India (i.e., compliance with any requirements the Central Government may prescribe by general or special order).

- **Is the answer hallucinated or taken directly from the source?** **Taken directly from the source** – the wording matches the provision quoted from the legislation.

- **Source licence number** – No licence number was supplied in the prompt, so it cannot be listed here. (If the source were an official government document, it would typically be under an Open Government Licence such as CC‑BY 4.0, but the exact licence identifier was not provided.)"
13,obscure,What is the data retention period for a Data Fiduciary that is an online gaming intermediary with at least fifty lakh registered users in India (excluding account/token access purposes)?,"Three years from the date the Data Principal last approached the Data Fiduciary for the specified purpose or exercised her rights, or the commencement of the DPDP Rules 2025, whichever is latest.","**Short answer:**  
Under the **Digital Personal Data Protection Act, 2023 (DPDP Act)** a data fiduciary – including an online‑gaming intermediary that has ≥ 5 crore (50 lakh) registered users – may retain personal data **only for as long as it is needed to fulfil the purpose for which it was collected**, and **must delete it once that purpose is satisfied**.  

- **Default ceiling:** If no other law requires a longer period, the maximum period is **5 years after the purpose has been fulfilled**.  
- **Exception for “critical personal data”:** If the data falls under the definition of *critical personal data* (e.g., biometric, health‑related data that could cause serious harm), the fiduciary must delete it **within 30 days** after the purpose is met, unless a specific statute mandates a longer stay.  
- **Statutory overrides:** Any other Indian law (Income‑Tax Act, Companies Act, GST Act, etc.) that prescribes a longer retention period will take precedence.  

Thus, **excluding the data that is retained solely for account‑ or token‑access purposes**, the fiduciary’s retention period is “as long as necessary for the purpose, but not more than 5 years unless a specific law says otherwise.”  

---

### Legal basis

| Provision (DPDP Act 2023) | What it says |
|---------------------------|--------------|
| **Section 13(1)** – *Retention of Personal Data* | “A data fiduciary shall retain personal data only for as long as is necessary for the purpose for which it was collected.” |
| **Section 13(2)** – *Maximum period* | “Except as provided under any other law, a data fiduciary shall delete personal data after the purpose for which it was collected has been fulfilled, and in any case not later than **5 years** from the date of fulfilment.” |
| **Section 13(3)** – *Critical personal data* | “Critical personal data shall be retained only for the period necessary for the purpose, and in any case not later than **30 days** after the purpose is fulfilled, unless a specific law requires a longer period.” |
| **Section 5(2)** – *Definitions* (Data Fiduciary, Data Principal, etc.) – clarifies that the rules apply uniformly to all fiduciaries, irrespective of size, though larger fiduciaries have additional compliance obligations (e.g., DPIA, data‑localisation). |

### Practical steps for the gaming intermediary

1. **Map each data element to a purpose** (e.g., gameplay analytics, matchmaking, in‑game purchases, fraud detection).  
2. **Determine the minimum period** needed to achieve that purpose (e.g., 12 months for analytics, 24 months for dispute resolution).  
3. **Check for statutory overrides** (e.g., financial transaction records must be kept for 8 years under the Income‑Tax Act).  
4. **Set the retention schedule**:  
   - If the purpose‑based period ≤ 5 years → retain for that period.  
   - If the purpose‑based period > 5 years → retain only up to 5 years **unless** a specific law mandates a longer stay.  
5. **Implement automated deletion** (or anonymisation) once the retention clock expires.  
6. **Document the schedule** in your Data Retention Policy and make it available to the Data Protection Board on request.

---

### Bottom line

- **General rule:** *As long as needed, but ≤ 5 years* (unless another law says otherwise).  
- **Critical personal data:** *≤ 30 days* after purpose fulfillment.  
- **Statutory overrides:** Follow the longer period prescribed by any other applicable Indian statute.  

By adhering to this framework, the gaming intermediary stays compliant with the DPDP Act while respecting the privacy rights of its 50 lakh+ users.","The Data Fiduciary must retain the data for **at least one year** before erasure, unless another applicable law mandates a longer retention period.","**No** – the answer does **not** correctly answer the question.

- **Why it’s incorrect:**  
  The source specifies that for an online‑gaming intermediary with ≥ 50 lakh registered users, data (other than that needed for account/token access) must be retained **three years from the date of the last access**. The “at least one year” rule applies only to data retained for account or token‑access purposes. The provided answer gives only the one‑year period and therefore omits the required three‑year retention for the scenario asked about.

- **Hallucination vs. source usage:**  
  The answer does quote a line from the source (“for at least one year before erasure, unless any other applicable law requires a longer period”), but it misapplies that clause to the whole question and ignores the three‑year requirement that is actually relevant. Hence it **partially copies the source** but **hallucinates** the correct answer by leaving out the three‑year retention provision."
14,obscure,What is the processing restriction for personal data collected solely to create a user account for email communication?,"Processing is restricted to the extent necessary for creating such user account, and its use is limited to communication by email.","**Processing restriction — “account‑only” personal data**

When personal data is collected **exclusively** for the purpose of creating a user account that will be used for email communication, the GDPR (and most comparable data‑protection regimes) imposes a very narrow set of permissible processing activities. In plain language, the restriction can be summed up as:

> **The data may be processed *only* for the specific purpose of establishing, maintaining, and using the user account to send/receive the email communications that the user has explicitly requested.**  

Anything outside that narrowly defined purpose (e.g., marketing, profiling, sharing with third parties, analytics, or any other secondary use) is prohibited unless a separate lawful basis (such as explicit consent) is obtained from the data subject.

Below is a practical checklist that translates the legal wording into concrete actions you can apply to your system or policy.

---

## 1️⃣ What “processing” is allowed?

| Allowed activity | Why it’s allowed |
|------------------|------------------|
| **Creating the account record** (username, email address, password hash, account‑creation timestamp) | Directly necessary to fulfil the contract (the user‑account service) |
| **Authenticating the user** (login checks, password reset, two‑factor verification) | Essential for the user to access the service |
| **Sending the requested email communications** (transactional messages, newsletters the user opted‑in to, password‑reset links, account‑status updates) | The very purpose for which the data was collected |
| **Storing the data securely** (encryption at rest, access‑control logs) | Required to protect the data while it is being used for the permitted purpose |
| **Deleting or anonymising the data on request or after the retention period** | Fulfils the data‑subject’s right to erasure and the principle of storage limitation |

---

## 2️⃣ What **must NOT** be done without additional consent or a different legal basis?

| Prohibited activity | Reason it violates the restriction |
|---------------------|--------------------------------------|
| Using the email address for **marketing** that the user did not explicitly opt‑in to | Not covered by the “account‑only” purpose |
| Sharing the data with **third‑party advertisers, data brokers, or analytics providers** | No lawful basis for secondary processing |
| **Profiling** the user (e.g., inferring interests, behaviour, or demographic traits) | Not necessary for account creation or email delivery |
| Retaining the data **indefinitely** after the account is closed or the user has requested deletion | Violates the storage‑limitation principle |
| Using the data for **research, statistical analysis, or product development** unless anonymised or consented to | Outside the original purpose |
| Processing the data for **any purpose other than the provision of the email service** (e.g., contacting the user for unrelated offers) | Not covered by the original lawful basis (contract) |

---

## 3️⃣ Legal grounding (GDPR perspective)

| Element | How it applies to “account‑only” data |
|---------|----------------------------------------|
| **Lawful basis** | **Contract** (Art. 6(1)(b)) – the user has requested an account and expects email communication. |
| **Purpose limitation** | Art. 5(1)(b) – data must be collected for *specified, explicit, and legitimate* purposes and not further processed incompatibly. |
| **Data minimisation** | Only collect what is strictly needed (e.g., email address, name if required for personalization, password hash). |
| **Storage limitation** | Art. 5(1)(e) – keep the data no longer than necessary for the account and communication purpose. |
| **Security of processing** | Art. 32 – implement appropriate technical and organisational measures (encryption, access controls, regular audits). |
| **Transparency & rights** | Provide a clear privacy notice that states the limited purpose, and honour rights to access, rectification, erasure, restriction, and portability. |

---

## 4️⃣ Practical implementation steps

1. **Privacy notice** – Clearly state: “We collect your email address solely to create your account and to send you the emails you have requested. We will not use it for any other purpose without your explicit consent.”
2. **Consent management** – If you ever want to use the email for marketing, add a separate, opt‑in checkbox that is *not* pre‑checked.
3. **Access controls** – Restrict database access to staff members whose job requires it (e.g., support, devops). Log every access.
4. **Data retention policy** – Define a concrete timeline (e.g., keep the account data for 12 months after the last login, then delete or anonymise). Automate the purge.
5. **Audit trail** – Keep a log of any data‑processing activities (creation, modification, deletion) to demonstrate compliance.
6. **Data subject request (DSR) workflow** – Have a simple, documented process for users to request deletion, export, or correction of their account data.
7. **Third‑party processors** – If you use an email‑service provider (ESP), ensure a Data Processing Agreement (DPA) is in place and that the ESP also respects the “account‑only” restriction.

---

## 5️⃣ Quick FAQ

| Question | Answer |
|----------|--------|
| **Can I keep the email address after the user deletes their account?** | No. Unless you have a separate lawful basis (e.g., a legal obligation), you must delete it or fully anonymise it. |
| **What if the user never logs in again?** | The data should be deleted after the predefined retention period (e.g., 6–12 months of inactivity). |
| **Is it okay to log the email address for debugging?** | Only if the log is **temporary**, **access‑restricted**, and **deleted** as soon as the debugging task is finished. |
| **Can I use the email for a “welcome” series of messages?** | Yes, *if* those messages are part of the service the user signed up for (e.g., onboarding). If they are promotional, you need separate consent. |
| **Do I need to encrypt the email address at rest?** | Strongly recommended (and often required) as a technical safeguard under Art. 32. |

---

### Bottom line

**Processing restriction:** *Personal data collected solely for creating a user account may be processed only for the purpose of establishing, maintaining, and using that account to send the email communications the user has explicitly requested.* Any other use—marketing, profiling, sharing, or retaining beyond the necessary period—requires a new, explicit lawful basis (typically explicit consent). By adhering to this narrow scope, you stay compliant with GDPR’s purpose‑limitation, data‑minimisation, and storage‑limitation principles.",The processing of personal data collected solely to create a user account is limited to what is necessary for email communication – the account may be used only for communicating by email.,"**Proper answer?** Yes.  
**Hallucination?** No – the response is taken directly from the source text.

**Reasoning**

- **Question:** asks for the processing restriction that applies when personal data is collected *solely* to create a user account for email communication.  
- **Source excerpt:** “For the creation of a user account … processing is restricted to the extent necessary for communicating by email… the use of which is limited to communication by email.”  
- **Provided answer:** “The processing of personal data collected solely to create a user account is limited to what is necessary for email communication – the account may be used only for communicating by email.”  

The answer restates the source verbatim (or near‑verbatim) and captures the exact restriction, so it correctly answers the question and does not introduce any invented information."
15,obscure,What is the monthly salary of the Chairperson and other Members of the Data Protection Board?,"The Chairperson is entitled to a consolidated salary of rupees four lakh fifty thousand per month; every other Member, rupees four lakh per month — both without house or car facility.","The exact monthly salary for the Chairperson and the other members of a Data Protection Board varies from country to country, because each jurisdiction sets its own compensation rules (often through legislation, civil‑service pay‑scales, or specific board‑by‑law provisions). Below is a summary of how the remuneration is typically determined in a few jurisdictions, along with the most recent publicly‑available figures where they exist. If you need the salary for a specific country’s board, let me know which one and I can try to locate the latest official numbers.

---

## 1. India – Data Protection Board (under the Personal Data Protection Bill)

| Position | Salary Basis | Approx. Monthly Salary (₹) | Source |
|----------|--------------|---------------------------|--------|
| **Chairperson** | Equivalent to a **Cabinet Secretary** (Level 17 of the Central Pay Commission) | **≈ ₹ 2,50,000 – ₹ 3,00,000** (basic pay only; total compensation with allowances can be higher) | Draft Bill & Central Pay Commission 7th CPC (2023) |
| **Member** | Equivalent to a **Joint Secretary** (Level 15) | **≈ ₹ 1,80,000 – ₹ 2,20,000** (basic pay only) | Draft Bill & Central Pay Commission 7th CPC (2023) |
| **Member (ex‑officio, e.g., from the Ministry of Electronics & IT)** | Same as other members | Same as above | Same as above |

*Notes*  
- The figures above are **basic pay**; the total take‑home (including Dearness Allowance, House Rent Allowance, transport, etc.) can be roughly 1.5‑2 × the basic pay.  
- The Data Protection Board has not yet been fully constituted (the Bill is still pending final enactment), so the exact salary order may be refined once the board is operational.

---

## 2. United Kingdom – Information Commissioner’s Office (ICO) (the body that performs many of the functions of a “Data Protection Board”)

| Position | Salary Band (Annual) | Approx. Monthly Salary (GBP) | Source |
|----------|----------------------|------------------------------|--------|
| **Information Commissioner (Chair)** | £150,000 – £170,000 | £12,500 – £14,200 | ICO Annual Report 2023‑24 |
| **Deputy Commissioners / Board Members** | £100,000 – £130,000 | £8,300 – £10,800 | ICO Annual Report 2023‑24 |

*Notes*  
- The ICO is a statutory authority; its senior officials are paid under the **Senior Civil Service** pay scales.  
- The “Board” in the UK context is largely advisory; the Commissioners are appointed by the Crown and receive the above salaries.

---

## 3. European Union – European Data Protection Board (EDPB)

| Position | Salary Basis | Approx. Monthly Salary (EUR) | Source |
|----------|--------------|------------------------------|--------|
| **Chairperson** | EU civil‑service grade **AD9** (the highest) | **≈ € 9,500 – € 10,500** (gross) | EU Staff Regulations, 2022 |
| **Member (EDPB)** | EU civil‑service grade **AD7–AD8** | **≈ € 6,500 – € 8,000** (gross) | EU Staff Regulations, 2022 |

*Notes*  
- These are **gross** amounts; net take‑home depends on tax status and family situation.  
- The EDPB members are not full‑time EU staff; they retain their national positions and receive a **daily allowance** for meetings, plus a modest **honorarium** for board duties. The figures above reflect the base salary of a civil servant at the corresponding grade, which is the reference point used in EU transparency registers.

---

## 4. Canada – Office of the Privacy Commissioner (OPC) (acts as the national data‑protection authority)

| Position | Salary Range (Annual, CAD) | Approx. Monthly Salary (CAD) | Source |
|----------|----------------------------|------------------------------|--------|
| **Privacy Commissioner (Chair)** | CAD 210,000 – CAD 240,000 | CAD 17,500 – CAD 20,000 | Government of Canada – Public Service Pay Scale (2023) |
| **Deputy Commissioners / Board Members** | CAD 150,000 – CAD 180,000 | CAD 12,500 – CAD 15,000 | Government of Canada – Public Service Pay Scale (2023) |

*Notes*  
- The OPC is an independent agency; its senior officials are paid under the **Senior Executive Service** (SES) pay scale.

---

## 5. Australia – Office of the Australian Information Commissioner (OAIC)

| Position | Salary Range (Annual, AUD) | Approx. Monthly Salary (AUD) | Source |
|----------|----------------------------|------------------------------|--------|
| **Australian Information Commissioner (Chair)** | AUD 250,000 – AUD 280,000 | AUD 20,800 – AUD 23,300 | Australian Public Service (APS) Senior Executive Service (SES) – 2023 |
| **Deputy Commissioners / Board Members** | AUD 190,000 – AUD 220,000 | AUD 15,800 – AUD 18,300 | APS SES – 2023 |

*Notes*  
- The OAIC’s board members are typically senior public servants who retain their APS positions; the above figures are the **base salaries** for the corresponding APS grades.

---

## How to Find the Exact Figure for Your Jurisdiction

1. **Check the latest annual report** of the data‑protection authority (most authorities publish a “Remuneration” or “Staffing” section).  
2. **Look at the relevant civil‑service pay‑scale** (e.g., Central Pay Commission in India, EU Staff Regulations, UK Senior Civil Service).  
3. **Search the official government gazette or transparency portal** (many countries post salary tables for statutory bodies).  
4. **Contact the authority’s public‑relations office** – they usually respond to legitimate information‑access requests.

---

### Quick Take‑away

- **Chairperson salaries** are typically **the highest** within the board, ranging from **≈ ₹ 2.5 Lakh/month (India)** to **≈ £ 13 K/month (UK)**, **≈ € 10 K/month (EU)**, **≈ CAD 18 K–20 K/month (Canada)**, or **≈ AUD 22 K/month (Australia)**.  
- **Other members** earn **roughly 60‑80 %** of the Chair’s salary, depending on the grade they are placed in.  
- Exact numbers can shift each year with pay‑scale revisions, inflation adjustments, or legislative amendments.

If you let me know the specific country (or the exact name of the Data Protection Board you have in mind), I can dig up the most recent official figure and cite the exact source for you.",Not found in the provided context.,"**Properly answers the question?** **Yes** – the response correctly notes that the monthly salary amount is not given in the supplied excerpt.  

**Hallucinates?** **No** – it does not fabricate any figures or details.  

**Answers directly from the source?** **No** – the source only says the salary “shall be specified in Fifth Schedule” and does not provide a numeric amount, so the answer is simply stating the absence of that information."
